Activo,Pearson,p_valor,Spearman
BTC-USD_logret,0.034972132283615336,0.3271691821212303,0.016285781627267487
EWZ_logret,0.03272237403730333,0.3592662194921509,0.03516978931015209
ETH-USD_logret,0.032176667621925135,0.3673398291300229,-0.003219997489919921
EEM_logret,-0.014340374511127532,0.6879201340851792,-0.01968455756895637
