{
  "BTC-USD_logret": {
    "1": {
      "f_stat": 2.0030395220265693,
      "p_val": 0.15738172718635596
    },
    "2": {
      "f_stat": 0.8361078946403869,
      "p_val": 0.4337821099588775
    },
    "3": {
      "f_stat": 0.5209817299175031,
      "p_val": 0.6679497972727404
    },
    "4": {
      "f_stat": 0.4330548790659405,
      "p_val": 0.7848026170187282
    },
    "5": {
      "f_stat": 0.5700408982978801,
      "p_val": 0.7230244784118112
    }
  },
  "EEM_logret": {
    "1": {
      "f_stat": 0.1973976714760679,
      "p_val": 0.6569523881976994
    },
    "2": {
      "f_stat": 0.432330299813035,
      "p_val": 0.649150399206477
    },
    "3": {
      "f_stat": 0.2951855873111944,
      "p_val": 0.8288961698527246
    },
    "4": {
      "f_stat": 0.2617044457264209,
      "p_val": 0.9025159586642376
    },
    "5": {
      "f_stat": 0.21701541034120295,
      "p_val": 0.955298470320014
    }
  },
  "ETH-USD_logret": {
    "1": {
      "f_stat": 0.6043833328142357,
      "p_val": 0.4371452728381654
    },
    "2": {
      "f_stat": 0.21907142810916228,
      "p_val": 0.8033137471827851
    },
    "3": {
      "f_stat": 0.5002729688709194,
      "p_val": 0.6821929023234659
    },
    "4": {
      "f_stat": 0.45568977386911297,
      "p_val": 0.7682779343522983
    },
    "5": {
      "f_stat": 0.798281799475572,
      "p_val": 0.5510225316380047
    }
  }
}