{
  "con_isf": {
    "rmse": 0.030334020972953877,
    "mae": 0.022866700288311104,
    "r2": -0.044014423524008306,
    "dir_acc": 0.5189873417721519
  },
  "sin_isf": {
    "rmse": 0.030966663554291663,
    "mae": 0.02314640022814274,
    "r2": -0.08801639080047607,
    "dir_acc": 0.5189873417721519
  },
  "mejora_rmse_pct": 2.042979477684506
}