Modelo,Accuracy,F1_Macro,Mejor
Lexico Baseline,0.7252100840336134,0.6033142304850571,False
TF-IDF + LogReg,0.784453781512605,0.7234199329937825,False
TF-IDF + SVM,0.8092436974789916,0.740756744332451,True
FinBERT (zero-shot),0.7225,0.648978556643677,False
BETO Fine-Tuned (ES),0.72,0.68,False
